dataset,species,disease_status,tissue,cell_type,gene_expression,dna_methylation_assay,entry_name,prediction_download,source_download,measured_data,n_samples,n_cells,n_cpgs,sex,age,has_pca,has_pca_plot,has_umap,has_umap_plot,n_level1,n_level2,n_level3,output_pca,predicted_pca,input_pca,umap_path,plot_path,full_dataset_download,individual_download,entry_id
ENCODE,homo sapiens,normal,aorta,,RNA-seq,WGBS,ENCODE_pantissue_bulk,,,True,2.0,,,mixed,mixed,True,True,False,False,,,,pca_gen/out/encode_bulk_gold_labeled.tsv.gz,,pca_gen/out/encode_bulk_input_labeled.tsv.gz,,plots/cv10_pc.pdf,,,encode_aorta
ENCODE,homo sapiens,normal,peripheral_blood,B cell,RNA-seq,WGBS,ENCODE_pantissue_bulk,,,True,1.0,,,mixed,mixed,True,True,False,False,,,,pca_gen/out/encode_bulk_gold_labeled.tsv.gz,,pca_gen/out/encode_bulk_input_labeled.tsv.gz,,plots/cv10_pc.pdf,,,encode_peripheral_blood
ENCODE,homo sapiens,normal,ESE,,RNA-seq,WGBS,ENCODE_pantissue_bulk,,,True,2.0,,,mixed,mixed,True,True,False,False,,,,pca_gen/out/encode_bulk_gold_labeled.tsv.gz,,pca_gen/out/encode_bulk_input_labeled.tsv.gz,,plots/cv10_pc.pdf,,,encode_ese
ENCODE,homo sapiens,normal,esophagus,,RNA-seq,WGBS,ENCODE_pantissue_bulk,,,True,2.0,,,mixed,mixed,True,True,False,False,,,,pca_gen/out/encode_bulk_gold_labeled.tsv.gz,,pca_gen/out/encode_bulk_input_labeled.tsv.gz,,plots/cv10_pc.pdf,,,encode_esophagus
ENCODE,homo sapiens,normal,gastroesophageal,,RNA-seq,WGBS,ENCODE_pantissue_bulk,,,True,2.0,,,mixed,mixed,True,True,False,False,,,,pca_gen/out/encode_bulk_gold_labeled.tsv.gz,,pca_gen/out/encode_bulk_input_labeled.tsv.gz,,plots/cv10_pc.pdf,,,encode_gastroesophageal
ENCODE,homo sapiens,normal,heart,,RNA-seq,WGBS,ENCODE_pantissue_bulk,,,True,6.0,,,mixed,mixed,True,True,False,False,,,,pca_gen/out/encode_bulk_gold_labeled.tsv.gz,,pca_gen/out/encode_bulk_input_labeled.tsv.gz,,plots/cv10_pc.pdf,,,encode_heart
ENCODE,homo sapiens,normal,lung,,RNA-seq,WGBS,ENCODE_pantissue_bulk,,,True,6.0,,,mixed,mixed,True,True,False,False,,,,pca_gen/out/encode_bulk_gold_labeled.tsv.gz,,pca_gen/out/encode_bulk_input_labeled.tsv.gz,,plots/cv10_pc.pdf,,,encode_lung
ENCODE,homo sapiens,normal,adipose,,RNA-seq,WGBS,ENCODE_pantissue_bulk,,,True,3.0,,,mixed,mixed,True,True,False,False,,,,pca_gen/out/encode_bulk_gold_labeled.tsv.gz,,pca_gen/out/encode_bulk_input_labeled.tsv.gz,,plots/cv10_pc.pdf,,,encode_adipose
ENCODE,homo sapiens,normal,skin,,RNA-seq,WGBS,ENCODE_pantissue_bulk,,,True,3.0,,,mixed,mixed,True,True,False,False,,,,pca_gen/out/encode_bulk_gold_labeled.tsv.gz,,pca_gen/out/encode_bulk_input_labeled.tsv.gz,,plots/cv10_pc.pdf,,,encode_skin
ENCODE,homo sapiens,normal,spleen,,RNA-seq,WGBS,ENCODE_pantissue_bulk,,,True,5.0,,,mixed,mixed,True,True,False,False,,,,pca_gen/out/encode_bulk_gold_labeled.tsv.gz,,pca_gen/out/encode_bulk_input_labeled.tsv.gz,,plots/cv10_pc.pdf,,,encode_spleen
ENCODE,homo sapiens,normal,thymus,,RNA-seq,WGBS,ENCODE_pantissue_bulk,,,True,2.0,,,mixed,mixed,True,True,False,False,,,,pca_gen/out/encode_bulk_gold_labeled.tsv.gz,,pca_gen/out/encode_bulk_input_labeled.tsv.gz,,plots/cv10_pc.pdf,,,encode_thymus
ENCODE,homo sapiens,normal,thyroid,,RNA-seq,WGBS,ENCODE_pantissue_bulk,,,True,4.0,,,mixed,mixed,True,True,False,False,,,,pca_gen/out/encode_bulk_gold_labeled.tsv.gz,,pca_gen/out/encode_bulk_input_labeled.tsv.gz,,plots/cv10_pc.pdf,,,encode_thyroid
ENCODE,homo sapiens,normal,adrenal gland,,RNA-seq,WGBS,ENCODE_pantissue_bulk,,,True,4.0,,,mixed,mixed,True,True,False,False,,,,pca_gen/out/encode_bulk_gold_labeled.tsv.gz,,pca_gen/out/encode_bulk_input_labeled.tsv.gz,,plots/cv10_pc.pdf,,,encode_adrenal_gland
ENCODE,homo sapiens,normal,testis,,RNA-seq,WGBS,ENCODE_pantissue_bulk,,,True,2.0,,,mixed,mixed,True,True,False,False,,,,pca_gen/out/encode_bulk_gold_labeled.tsv.gz,,pca_gen/out/encode_bulk_input_labeled.tsv.gz,,plots/cv10_pc.pdf,,,encode_testis
ENCODE,homo sapiens,normal,tibial nerve,,RNA-seq,WGBS,ENCODE_pantissue_bulk,,,True,4.0,,,mixed,mixed,True,True,False,False,,,,pca_gen/out/encode_bulk_gold_labeled.tsv.gz,,pca_gen/out/encode_bulk_input_labeled.tsv.gz,,plots/cv10_pc.pdf,,,encode_tibial_nerve
ENCODE,homo sapiens,normal,transverse colon,,RNA-seq,WGBS,ENCODE_pantissue_bulk,,,True,4.0,,,mixed,mixed,True,True,False,False,,,,pca_gen/out/encode_bulk_gold_labeled.tsv.gz,,pca_gen/out/encode_bulk_input_labeled.tsv.gz,,plots/cv10_pc.pdf,,,encode_transverse_colon
ENCODE,homo sapiens,normal,PBMC,peripheral_blood,single-cell RNA-seq,WGBS,ENCODE_PBMC_singlecell,,,False,2100.0,2100,,mixed,mixed,True,False,True,False,,,,pca_gen/out/encode_bulk_gold_labeled.tsv.gz,,pca_gen/out/encode_bulk_input_labeled.tsv.gz,data/umap/pbmc/umap.rds,,,,encode_pbmc
GTEx,homo sapiens,normal,Brain,bulk tissue,RNA-seq,WGBS,GTEx_Brain_bulk,,,False,1.0,aggregated tissue,27078422.0,mixed,mixed,True,True,False,False,,,,,pca_gen/out/gtex_predicted_labeled.tsv.gz,,,plots/gtex_pc.pdf,https://huggingface.co/datasets/Charlotte4027/DNAdatabase/resolve/main/full_data/gtex_ramp.rds,https://huggingface.co/datasets/Charlotte4027/DNAdatabase/resolve/main/gtex/brain/brain_predicted_dnAm.rds,gtex_brain
GTEx,homo sapiens,normal,Breast_Mammary_Tissue,bulk tissue,RNA-seq,WGBS,GTEx_Breast_bulk,,,False,1.0,aggregated tissue,27078422.0,mixed,mixed,True,True,False,False,,,,,pca_gen/out/gtex_predicted_labeled.tsv.gz,,,plots/gtex_pc.pdf,https://huggingface.co/datasets/Charlotte4027/DNAdatabase/resolve/main/full_data/gtex_ramp.rds,https://huggingface.co/datasets/Charlotte4027/DNAdatabase/resolve/main/gtex/breast_mammary_tissue/breast_mammary_tissue_predicted_dnAm.rds,gtex_breast_mammary_tissue
GTEx,homo sapiens,normal,Esophagus_Muscularis,bulk tissue,RNA-seq,WGBS,GTEx_Esophagus_bulk,,,False,1.0,aggregated tissue,27078422.0,mixed,mixed,True,True,False,False,,,,,pca_gen/out/gtex_predicted_labeled.tsv.gz,,,plots/gtex_pc.pdf,https://huggingface.co/datasets/Charlotte4027/DNAdatabase/resolve/main/full_data/gtex_ramp.rds,https://huggingface.co/datasets/Charlotte4027/DNAdatabase/resolve/main/gtex/esophagus_muscularis/esophagus_muscularis_predicted_dnAm.rds,gtex_esophagus_muscularis
GTEx,homo sapiens,normal,Heart_Left_Ventricle,bulk tissue,RNA-seq,WGBS,GTEx_Heart_bulk,,,False,1.0,aggregated tissue,27078422.0,mixed,mixed,True,True,False,False,,,,,pca_gen/out/gtex_predicted_labeled.tsv.gz,,,plots/gtex_pc.pdf,https://huggingface.co/datasets/Charlotte4027/DNAdatabase/resolve/main/full_data/gtex_ramp.rds,https://huggingface.co/datasets/Charlotte4027/DNAdatabase/resolve/main/gtex/heart_left_ventricle/heart_left_ventricle_predicted_dnAm.rds,gtex_heart_left_ventricle
GTEx,homo sapiens,normal,Lung,bulk tissue,RNA-seq,WGBS,GTEx_Lung_bulk,,,False,1.0,aggregated tissue,27078422.0,mixed,mixed,True,True,False,False,,,,,pca_gen/out/gtex_predicted_labeled.tsv.gz,,,plots/gtex_pc.pdf,https://huggingface.co/datasets/Charlotte4027/DNAdatabase/resolve/main/full_data/gtex_ramp.rds,https://huggingface.co/datasets/Charlotte4027/DNAdatabase/resolve/main/gtex/lung/lung_predicted_dnAm.rds,gtex_lung
GTEx,homo sapiens,normal,Muscle_Skeletal,bulk tissue,RNA-seq,WGBS,GTEx_Muscle_bulk,,,False,1.0,aggregated tissue,27078422.0,mixed,mixed,True,True,False,False,,,,,pca_gen/out/gtex_predicted_labeled.tsv.gz,,,plots/gtex_pc.pdf,https://huggingface.co/datasets/Charlotte4027/DNAdatabase/resolve/main/full_data/gtex_ramp.rds,https://huggingface.co/datasets/Charlotte4027/DNAdatabase/resolve/main/gtex/muscle_skeletal/muscle_skeletal_predicted_dnAm.rds,gtex_muscle_skeletal
GTEx,homo sapiens,normal,Pituitary,bulk tissue,RNA-seq,WGBS,GTEx_Pituitary_bulk,,,False,1.0,aggregated tissue,27078422.0,mixed,mixed,True,True,False,False,,,,,pca_gen/out/gtex_predicted_labeled.tsv.gz,,,plots/gtex_pc.pdf,https://huggingface.co/datasets/Charlotte4027/DNAdatabase/resolve/main/full_data/gtex_ramp.rds,https://huggingface.co/datasets/Charlotte4027/DNAdatabase/resolve/main/gtex/pituitary/pituitary_predicted_dnAm.rds,gtex_pituitary
GTEx,homo sapiens,normal,Skin_Sun_Exposed_Lower_leg,bulk tissue,RNA-seq,WGBS,GTEx_Skin_bulk,,,False,1.0,aggregated tissue,27078422.0,mixed,mixed,True,True,False,False,,,,,pca_gen/out/gtex_predicted_labeled.tsv.gz,,,plots/gtex_pc.pdf,https://huggingface.co/datasets/Charlotte4027/DNAdatabase/resolve/main/full_data/gtex_ramp.rds,https://huggingface.co/datasets/Charlotte4027/DNAdatabase/resolve/main/gtex/skin_sun_exposed_lower_leg/skin_sun_exposed_lower_leg_predicted_dnAm.rds,gtex_skin_sun_exposed_lower_leg
GTEx,homo sapiens,normal,Thyroid,bulk tissue,RNA-seq,WGBS,GTEx_Thyroid_bulk,,,False,1.0,aggregated tissue,27078422.0,mixed,mixed,True,True,False,False,,,,,pca_gen/out/gtex_predicted_labeled.tsv.gz,,,plots/gtex_pc.pdf,https://huggingface.co/datasets/Charlotte4027/DNAdatabase/resolve/main/full_data/gtex_ramp.rds,https://huggingface.co/datasets/Charlotte4027/DNAdatabase/resolve/main/gtex/thyroid/thyroid_predicted_dnAm.rds,gtex_thyroid
ENCODE,homo sapiens,normal,adrenal gland,14 cell types,single-cell RNA-seq,WGBS,ENCODE_sc_adrenal_gland_human,,,False,14.0,32399,28301739.0,mixed,mixed,True,False,False,False,39.0,24.0,14.0,pca_gen/out/encode_bulk_gold_labeled.tsv.gz,,pca_gen/out/encode_bulk_input_labeled.tsv.gz,,,https://huggingface.co/datasets/Charlotte4027/DNAdatabase/resolve/main/full_data/level3_human.rds,https://huggingface.co/datasets/Charlotte4027/DNAdatabase/resolve/main/encode_sc_real/adrenal_gland/adrenal_gland_predicted_dnAm.rds,encode_adrenal_gland
ENCODE,homo sapiens,normal,bile duct,15 cell types,single-cell RNA-seq,WGBS,ENCODE_sc_bile_duct_human,,,False,15.0,6444,28301739.0,mixed,mixed,True,False,False,False,15.0,15.0,15.0,pca_gen/out/encode_bulk_gold_labeled.tsv.gz,,pca_gen/out/encode_bulk_input_labeled.tsv.gz,,,https://huggingface.co/datasets/Charlotte4027/DNAdatabase/resolve/main/full_data/level3_human.rds,https://huggingface.co/datasets/Charlotte4027/DNAdatabase/resolve/main/encode_sc_real/bile_duct/bile_duct_predicted_dnAm.rds,encode_bile_duct
ENCODE,homo sapiens,normal,colon,24 cell types,single-cell RNA-seq,WGBS,ENCODE_sc_colon_human,,,False,24.0,25529,28301739.0,mixed,mixed,True,False,False,False,160.0,92.0,24.0,pca_gen/out/encode_bulk_gold_labeled.tsv.gz,,pca_gen/out/encode_bulk_input_labeled.tsv.gz,,,https://huggingface.co/datasets/Charlotte4027/DNAdatabase/resolve/main/full_data/level3_human.rds,https://huggingface.co/datasets/Charlotte4027/DNAdatabase/resolve/main/encode_sc_real/colon/colon_predicted_dnAm.rds,encode_colon
ENCODE,homo sapiens,normal,fallopian tube,11 cell types,single-cell RNA-seq,WGBS,ENCODE_sc_fallopian_tube_human,,,False,11.0,14069,28301739.0,mixed,mixed,True,False,False,False,22.0,11.0,11.0,pca_gen/out/encode_bulk_gold_labeled.tsv.gz,,pca_gen/out/encode_bulk_input_labeled.tsv.gz,,,https://huggingface.co/datasets/Charlotte4027/DNAdatabase/resolve/main/full_data/level3_human.rds,https://huggingface.co/datasets/Charlotte4027/DNAdatabase/resolve/main/encode_sc_real/fallopian_tube/fallopian_tube_predicted_dnAm.rds,encode_fallopian_tube
ENCODE,homo sapiens,normal,heart,12 cell types,single-cell RNA-seq,WGBS,ENCODE_sc_heart_human,,,False,12.0,187590,28301739.0,mixed,mixed,True,False,False,False,670.0,101.0,12.0,pca_gen/out/encode_bulk_gold_labeled.tsv.gz,,pca_gen/out/encode_bulk_input_labeled.tsv.gz,,,https://huggingface.co/datasets/Charlotte4027/DNAdatabase/resolve/main/full_data/level3_human.rds,https://huggingface.co/datasets/Charlotte4027/DNAdatabase/resolve/main/encode_sc_real/heart/heart_predicted_dnAm.rds,encode_heart
ENCODE,homo sapiens,normal,liver,6 cell types,single-cell RNA-seq,WGBS,ENCODE_sc_liver_human,,,False,6.0,24698,28301739.0,mixed,mixed,True,False,False,False,28.0,17.0,6.0,pca_gen/out/encode_bulk_gold_labeled.tsv.gz,,pca_gen/out/encode_bulk_input_labeled.tsv.gz,,,https://huggingface.co/datasets/Charlotte4027/DNAdatabase/resolve/main/full_data/level3_human.rds,https://huggingface.co/datasets/Charlotte4027/DNAdatabase/resolve/main/encode_sc_real/liver/liver_predicted_dnAm.rds,encode_liver
ENCODE,homo sapiens,normal,lung,22 cell types,single-cell RNA-seq,WGBS,ENCODE_sc_lung_human,,,False,22.0,16697,28301739.0,mixed,mixed,True,False,False,False,87.0,87.0,22.0,pca_gen/out/encode_bulk_gold_labeled.tsv.gz,,pca_gen/out/encode_bulk_input_labeled.tsv.gz,,,https://huggingface.co/datasets/Charlotte4027/DNAdatabase/resolve/main/full_data/level3_human.rds,https://huggingface.co/datasets/Charlotte4027/DNAdatabase/resolve/main/encode_sc_real/lung/lung_predicted_dnAm.rds,encode_lung
ENCODE,homo sapiens,normal,muscle,10 cell types,single-cell RNA-seq,WGBS,ENCODE_sc_muscle_human,,,False,10.0,29202,28301739.0,mixed,mixed,True,False,False,False,47.0,10.0,10.0,pca_gen/out/encode_bulk_gold_labeled.tsv.gz,,pca_gen/out/encode_bulk_input_labeled.tsv.gz,,,https://huggingface.co/datasets/Charlotte4027/DNAdatabase/resolve/main/full_data/level3_human.rds,https://huggingface.co/datasets/Charlotte4027/DNAdatabase/resolve/main/encode_sc_real/muscle/muscle_predicted_dnAm.rds,encode_muscle
ENCODE,homo sapiens,normal,ovary,6 cell types,single-cell RNA-seq,WGBS,ENCODE_sc_ovary_human,,,False,6.0,26431,28301739.0,mixed,mixed,True,False,False,False,30.0,6.0,6.0,pca_gen/out/encode_bulk_gold_labeled.tsv.gz,,pca_gen/out/encode_bulk_input_labeled.tsv.gz,,,https://huggingface.co/datasets/Charlotte4027/DNAdatabase/resolve/main/full_data/level3_human.rds,https://huggingface.co/datasets/Charlotte4027/DNAdatabase/resolve/main/encode_sc_real/ovary/ovary_predicted_dnAm.rds,encode_ovary
ENCODE,homo sapiens,normal,pancreas,11 cell types,single-cell RNA-seq,WGBS,ENCODE_sc_pancreas_human,,,False,11.0,53232,28301739.0,mixed,mixed,True,False,False,False,65.0,22.0,11.0,pca_gen/out/encode_bulk_gold_labeled.tsv.gz,,pca_gen/out/encode_bulk_input_labeled.tsv.gz,,,https://huggingface.co/datasets/Charlotte4027/DNAdatabase/resolve/main/full_data/level3_human.rds,https://huggingface.co/datasets/Charlotte4027/DNAdatabase/resolve/main/encode_sc_real/pancreas/pancreas_predicted_dnAm.rds,encode_pancreas
ENCODE,homo sapiens,normal,placenta,5 cell types,single-cell RNA-seq,WGBS,ENCODE_sc_placenta_human,,,False,5.0,8712,28301739.0,mixed,mixed,True,False,False,False,10.0,5.0,5.0,pca_gen/out/encode_bulk_gold_labeled.tsv.gz,,pca_gen/out/encode_bulk_input_labeled.tsv.gz,,,https://huggingface.co/datasets/Charlotte4027/DNAdatabase/resolve/main/full_data/level3_human.rds,https://huggingface.co/datasets/Charlotte4027/DNAdatabase/resolve/main/encode_sc_real/placenta/placenta_predicted_dnAm.rds,encode_placenta
ENCODE,homo sapiens,normal,ureter,7 cell types,single-cell RNA-seq,WGBS,ENCODE_sc_ureter_human,,,False,7.0,1813,28301739.0,mixed,mixed,True,False,False,False,7.0,7.0,7.0,pca_gen/out/encode_bulk_gold_labeled.tsv.gz,,pca_gen/out/encode_bulk_input_labeled.tsv.gz,,,https://huggingface.co/datasets/Charlotte4027/DNAdatabase/resolve/main/full_data/level3_human.rds,https://huggingface.co/datasets/Charlotte4027/DNAdatabase/resolve/main/encode_sc_real/ureter/ureter_predicted_dnAm.rds,encode_ureter
ENCODE,homo sapiens,normal,uterus,10 cell types,single-cell RNA-seq,WGBS,ENCODE_sc_uterus_human,,,False,10.0,6345,28301739.0,mixed,mixed,True,False,False,False,10.0,10.0,10.0,pca_gen/out/encode_bulk_gold_labeled.tsv.gz,,pca_gen/out/encode_bulk_input_labeled.tsv.gz,,,https://huggingface.co/datasets/Charlotte4027/DNAdatabase/resolve/main/full_data/level3_human.rds,https://huggingface.co/datasets/Charlotte4027/DNAdatabase/resolve/main/encode_sc_real/uterus/uterus_predicted_dnAm.rds,encode_uterus
ENCODE,mus musculus,normal,adrenal gland,12 cell types,single-cell RNA-seq,WGBS,ENCODE_sc_adrenal_gland_mouse,,,False,24.0,79209,28301739.0,mixed,mixed,True,False,False,False,476.0,47.0,24.0,pca_gen/out/encode_bulk_gold_labeled.tsv.gz,,pca_gen/out/encode_bulk_input_labeled.tsv.gz,,,https://huggingface.co/datasets/Charlotte4027/DNAdatabase/resolve/main/full_data/level3_human.rds,https://huggingface.co/datasets/Charlotte4027/DNAdatabase/resolve/main/encode_sc_real/adrenal_gland/adrenal_gland_predicted_dnAm.rds,encode_adrenal_gland
ENCODE,mus musculus,normal,brain,10 cell types,single-cell RNA-seq,WGBS,ENCODE_sc_brain_mouse,,,False,20.0,175253,28301739.0,mixed,mixed,True,False,False,False,673.0,76.0,20.0,pca_gen/out/encode_bulk_gold_labeled.tsv.gz,,pca_gen/out/encode_bulk_input_labeled.tsv.gz,,,https://huggingface.co/datasets/Charlotte4027/DNAdatabase/resolve/main/full_data/level3_human.rds,https://huggingface.co/datasets/Charlotte4027/DNAdatabase/resolve/main/encode_sc_real/brain/brain_predicted_dnAm.rds,encode_brain
ENCODE,mus musculus,normal,heart,12 cell types,single-cell RNA-seq,WGBS,ENCODE_sc_heart_mouse,,,False,24.0,93522,28301739.0,mixed,mixed,True,False,False,False,392.0,48.0,24.0,pca_gen/out/encode_bulk_gold_labeled.tsv.gz,,pca_gen/out/encode_bulk_input_labeled.tsv.gz,,,https://huggingface.co/datasets/Charlotte4027/DNAdatabase/resolve/main/full_data/level3_human.rds,https://huggingface.co/datasets/Charlotte4027/DNAdatabase/resolve/main/encode_sc_real/heart/heart_predicted_dnAm.rds,encode_heart
ENCODE,mus musculus,normal,muscle,15 cell types,single-cell RNA-seq,WGBS,ENCODE_sc_muscle_mouse,,,False,30.0,72392,28301739.0,mixed,mixed,True,False,False,False,620.0,60.0,30.0,pca_gen/out/encode_bulk_gold_labeled.tsv.gz,,pca_gen/out/encode_bulk_input_labeled.tsv.gz,,,https://huggingface.co/datasets/Charlotte4027/DNAdatabase/resolve/main/full_data/level3_human.rds,https://huggingface.co/datasets/Charlotte4027/DNAdatabase/resolve/main/encode_sc_real/muscle/muscle_predicted_dnAm.rds,encode_muscle
TCGA,homo sapiens,cancer,,~10k,RNA-seq,"WGBS, 850K Methylation Array, 450K (provide three download links)",TCGA_bulk_pancancer,,,,,,,,,,,,,,,,pca_gen/out/tcga_wgbs_gold_labeled.tsv.gz,pca_gen/out/tcga_450k_predicted_labeled.tsv.gz,pca_gen/out/tcga_wgbs_input_labeled.tsv.gz,,,,,
